corps,logo,live,current_alias
7th Regiment,7th,true
Academy,aca,true
Battalion,bta-white,true
Blue Devils,bd,true
Blue Devils B,bdb,true
Blue Devils C,bdc,true
Blue Knights,bk,true
Blue Stars,bs,true
Bluecoats,blo,true
Boston Crusaders,bac,true
Carolina Crown,crw,true
Cavaliers,cav,true
Colt Cadets,cc,true
Colts,clt,true
Columbians,col,true
Crossmen,xmn,true
Genesis,gen,true
Gold,gld,true
Golden Empire,ge,true
Guardians,gua,true
Impulse,imp,true
Jersey Surf,srf,true
Les Stentors,les,true
Madison Scouts,mad,true
Mandarins,man,true
Music City,mc,true
Pacific Crest,pac,true
Phantom Regiment,pr,true
Raiders,rai,true
River City Rhythm,rcr,true
Seattle Cascades,cas,true
Spartans,spr,true
Spirit of Atlanta,soa,true
Troopers,tro,true
Vanguard,scv,true
Vanguard Cadets,scvc,true
Vessel,ves,true
Pioneer,pio,true
Southwind,sw,true
Louisiana Stars,las,true
Legends,leg,true
Heat Wave,hw,true
Oregon Crusaders,oc,true
Cadets,cad,true
Glassmen,gme,true
12th Command
1st Baptist Cadets
1st Canadian Cavaliers
1st Canadian Regiment
1st Defenders
20th Maine Regiment
21st Lancers
27th Lancer Cadets
27th Lancers,27th,true
2e Décade
2nd Decade
2nd Signals Regiment
3 Townsmen-ONT
32nd Hussar
3e Régiment
3ième Régiment
3rd Canadian Regiment
3rd Generation
3rd Regiment
3rd Regiment of Portland
3rd Regiment-Portland
4 AS
4th Brigade
507 Hornets
5th Column RCASC
5th Maine Regiment
5th Regiment
6 Midshipmen-MI
71st Lancers
76'ers
76er's
76ers
7th Regiment
84th Bucktail Regiment
88.20
Abenakls
Abenski
Abénakis
Academe Musicale
Academie Cadets
Academie Musicale
Académie Musicale
Admirals
Adventuriers
Aiglons
Ainad
Ajax Sea Cadets
Alabama Charioteers
Alberta Girls
Albion Grenadiers
Albion Royalaires
Albuquerque Dukes
Alleghany Monarchs
Allegheny Grenadiers
Allegheny Night Storm
Allegiance Elite
Alliance,ali,true
Alliance Musicale
Alpine Girls
Ambassadears
Ambassadeurs
Ambassadors
Ambassadors (ONT)
Ambassadors (PA)
Ambassadors-MA
Ambassadors-NY
Ambassadors-ONT
Ambassadors-PA
Ambassadors-WI
American Patrol
American Woodmen
Americanos
Amvet Brigadiers
Anaheim Kingsmen,ana,true
Andrew Johnson Presidents
Angels
Angels of Ohio
Annunciators
App Grenadiers
Appalachian Grenadiers
Appleknockers
Arbella
Arc En Ciel
Arc en Ceil
Arc en Ciel
Arc-en-Ceil
Arc-en-Ciel
Archer Epler Muskateers
Archer Epler Musketeers
Arcs-en-ciel
Argon Cadets
Argonauts
Argonne Rebels
Aristocrats
Arizona Musketeers
Arizona Sun
Arnprior Lions
Assumption
Assumption Cadets
Assumption Lariets
Assumption-Junior
Atlanta CV,atl-cv,true
Atlantic City Hurricanes
Atlantic Hurricanes
Auburn Noteables
Audobon Bon Bons
Audobon Bons
Audubon Bon Bons
Austin Lancers
Avant Garde
Avant Gardistes
Aventuriers
Aventuries
Avo-En-Ciel
Babadours
Babylon Islanders
Baladines
Baladins
Balladin
Ballantine Brewers
Baltic Lincolnmen
Bandettes
Baron of Steuben
Barons
Barons of Steen
Barons of Steuben
Barons of Stueben
Barringer Walker Cadets
Barringer-Walker Cadets
Bath Buccaneers
Bath Cadets
Battalion
Bay Max
Baymax
Bayonne Cadets
Bayonne Kidets
Bayonne Raiders
Bayou City Blues
Beatrix
Bellaires
Belles of Saint John
Belles of Saint John's
Belles of Saint Mary
Belles of Saint Mary's
Belles of Saint Mary's-NJ
Belles of Saint Mary's-WI
Belles of St. Mary's (NJ)
Bellettes
Bellettes All Girl
Belleville Black Knights,blk,true,Belleville Black Knights
Belleville Crusaders
Belltones
Belvederes
Bengal Lancers
Beverly Cardinals
Beverly Crusaders
Big Sky Revelers
Big Tree Emeralds
Black Diamond
Black Barons
Black Diamond Regiment
Black Diamonds
Black Gold
Black Knights
Black Knights (MY)
Black Knights (NY)
Black Knights-IL,blk,true,Belleville Black Knights
Black Knights-NH
Black Knights-NY
Black Nights
Black Shields
Black Shields of Sparta
Black Watch
Black Watch (NJ)
Black Watch (WA)
Black Watch Highland
Black Watch Highlanders
Black Watch-NJ
Black Watch-WA
Blackhawk Voyagers
Blackhawks
Blazers
Blessed Sacrament
Blessed Sacraments
Bleu Raeders
Bleu Raiders
Blue Angels
Blue Angels (NY)
Blue Angels-NY
Blue Angers
Blue Demons
Blue Devils
Blue Devils B
Blue Devils C
Blue Eagles
Blue Grass Brass
Blue Jays
Blue Knights
Blue Knights (MI)
Blue Knights (MN)
Blue Knights-CO
Blue Knights-MI
Blue Knights-MN
Blue Notes
Blue Rock
Blue Sabres
Blue Saints,bsai-wht,true
Blue Star Cadets
Blue Stars
Blue stars
Bluecoats
Bluegrass Ambassadors
Bluegrass Brass
Bluewater Buccaneers
Bluewater Lionairs
Bobcaygeon Villagaires
Bon Bons
Bonnie Scots
Bordentown Little Devils
Boston Assumption Cadets
Boston Crusaders
Boston Renegades
Boucliers
Boy Scout Troop #63
Boys Club Muchachos
Boys of '76
Bracken Cavaliers
Braintree Braves
Braintree Warriors
Brampton Senators
Brandford Girls
Brantford Girls
Brass Factory
Brass Majesticks
Brass Regiment
Brassmen
Braves
Bridgemen
Bridgeport Buccaneers
Bridgeport PAL Cadets
Brigade
Brigadiers
Brigadiers-Feasterville
Brigadiers-Gloucester
Bristol Musketeers
British Crusaders
Broadcasters
Brockport Grenadiers
Bronx Kingsmen
Brookhaven Cadets
Brookhaven Cavaliers
Brookhaven Crusaders
Brooklyn Regiment
Broome County Grenadiers
Buccaneers,rea-buc,true
Buccaneers (KY)
Buccaneers--KY
Buccaneers-KY
Buccaneers-MA
Buckeye State Caballaros
Buckeyes
Bucks Co Cavaliers
Bucks County Cavaliers
Buick Vanguards
Burlington Commanders
Bushwackers,bus-white,true
Bux Mont Raiders
Bux-Mont Raiders
Buxmont Raiders
Byram Stateliners
Bélairs
C.D. of A
CMCC Warriors
CT PAL Cadets
Caballaros,haw,true
Cadence,dca-logo,true
Cadet Regiment
Cadets 2,c2,true
Cadets Impérial
Cadets LaSalle
Cadets NDN
Cadets of Brooklyn
Cadets of Dutch Boy
Cadets of First Baptist
Cadets of Gardner
Cadets of Greece
Cadets of LaSalle
Cadets of LaSalle County
Cadets of NYC
Cadets of New York City
Cadets of Saint Mary's
Cadets of Upstate NY
Calgary Cavaliers
Calgary Stampede,cs,true
Calgary Stampede Band,csb,true
California Crusaders
California Dons
Calumet Indians
Cambria Cadets
Cambridge Caballeros
Camden Cramer
Canada M. Ambassadors
Canada's M. Ambassadors
Canadian Ambassadors
Canadian Class
Canadian Commanders
Canadian Knights
Canadian Lamplighters
Canadian Regionaires
Canadian Royalaires
Canadianaires
Canastota Saints
Capital Brass Ensemble
Capital Chargers
Capital Regiment
Capital Sound
Capitalaires-CA
Capitol Brass Ensemble
Capitol Chargers
Capitol Sound
CapitolAires
CapitolAires-CA
Cardinal Cadets
Cardinal of PB
Cardinals
Cardinals of PB
Cardinals of Precious Blood
Cardinals;
Carolina Gold,car-gld,true
Carolina crown,crw,true,Carolina Crown
Carson Crusaders
Carver Gay Blades
Cascades,cas,true,Seattle Cascades
Cath. Daughters of Am.,cda,true,Catholic Daughters
Catholic D. Of America,cda,true,Catholic Daughters
Catholic D. of America,cda,true,Catholic Daughters
Catholic Daughters,cda,true
Catholic Daughters of America,cda,true,Catholic Daughters
Cavalcade
Cavalier Cadets
Cavaliers-MA
Cavalières
Cedar Rapids
Cedar Rapids Cadets
Celebration
Cendrillons
Centennial Grenadiers
Centurions
Challengers
Chancellors
Chapdelaines
Chargers
Charioteers
Charisma
Charter Oak Sabers
Charter Oak Sabres
Charter Oaks Sabers
Chatalaines
Chatelaines De Laval
Chattahoochee Sound
Chattanooga Volunteers
Chesapeake Cavaliers
Chessman
Chessmen
Chevaliers
Chevaliers (IA)
Chevaliers-IA
Chicago Connection
Chicago Hornets
Chicago Vanguard
Chicopee Assumption
Chieftains
Chien Kuo,dci-international,true
Chinese Imperials
Chochlatiers
Choclatiers
Chocolatiers
Chops,chp,true,Chops
"Chops, Inc",chp,true,Chops
"Chops, Inc.",chp,true,Chops
Chordaliers
Chrystalines
Châtelaines
Cincinnati Glory
Cincinnati Tradition,cin-tra,true
Citation Juniors
Citations
City Sound
Clan Chénier
Classics
Cleveland Buckeyes
Cleveland Caballaros
Cleveland Caballeros
Clique Alouette
Coachman
Coachmen
Coachmen (ONT)
Coachmen-ONT
Coastal Surge
Coeurs D'or
Colibris
Collegettes
Colonades
Colonnades
Colt .45's,clt,true,Colts
Colt 45's,clt,true,Colts
Columbus Saints,clm-snt,true
Comets
Commanders
Commodores
Con Ambassadors
Connecticut
Connecticut Classics
Connecticut Explorers
Connecticut HurrIcanes,con-hur,true,Connecticut Hurricanes
Connecticut Hurricanes,con-hur,true
Connecticut Renegades
Connecticut Vanguard
Connecticut Yankees
Connection
Connexion Quebec
Connexion Québec
Conqueror
Conqueror II
Conquistadors
Constellation
Constellations
Cont Ambassadors
Contemporary Youth Ens
Contemporary Youth Ens.
Continental Ambassadors
Continental Cadets
Continentals
Continentals (NJ)
Continentals-WA
Cornplanter Black Knights
Cornplanters
Corpsvets
Corvets All-Girl
Corvette All-Girls
Cougars
Cougars de Sherrington
Court of Honor
Cramer Hill
Cranford Patriots
Cranford Patriots
Crescendos
Crimson Buccaneers
Crimson Cadets
Crimson Kings
Crimson Tornadoes
Criterions
Crossmen
Crusader-Gladiators
Crusaders
Crusaders-IL
Crusading Militiamen
Crystallins
Custer's Brigade
Cyclones
DIG's
Dagenham Crusaders
Dauphins
De LaSalle Oaklands
DeLaSalle Oaklands
Debonaires
Decibel's
Decibels
Decorah Kilties
Defenders
Defenders-ME
Delta Brigade
Delta Thunderbirds
Demons
Derry Patriots
Des Plaines Vanguard
Devil Dogs
Devils Dogs
Diamants Bleus
Diamond State
Diamondaires
Dimension
Dimensions
Diplomat Juniors
Diplomats
Diplomats-CA
Dirigo Jets
Dolphins
Dover Cadets
Dreadnoughts
Dream
Dream Warriors
Drifters
Dukes of Marlboro
Dumont Police Cadets
Dundalk Cadets
Dundalk Crusaders
Dunkirk Patriots
Durango Goldenaires
Durham Girls
Dutch Boy
Dutch Boy Cadets
Dynamic Royalaires
Dynamic Statesmen
Dynamic-Royalaires
Dynamics
Dynamiques
E. Scarborough Kinsmen
Eagles
Eagles of Central NY
Eaglettes
Earls of Buck
Earthquake
East Coast Cadets
East Coast Jazz
East Coast Junior Jazz
East Scarborough Kinsmen
Eastsiders
Eatontown Royales
Eau Claire Boys
Ebony Guard
Edison Saints
Edmonton All-Girls
Edmonton Crusaders
Edmonton Klondike
Edmonton Strutters
Eklipse
El Doradans
Eldoradans
Elgin Regiment Band
Embry Cadets
Emerald Buccaneers
Emerald Cadets
Emerald Cadets-NY
Emerald Chips
Emerald GrenaDears
Emerald Grenadears
Emerald Grenadiers
Emerald Knights
Emerald Knights (ONT)
Emerald Knights, IA
Emerald Knights-IA
Emerald Knights-NY
Emerald Knights-ONT
Emerald Lancers
Emerald Loyalists
Emerald Statesmen
Emmaus Sentinels
Empire Loyalists
Empire State Express
Empire Statesmen
Encorps,enc,true
Enfield Raiders
Enfield Sabers
Enfield Sabres
Ensemble Contemporary
Epoch
Epochs
Erie Mavericks
Erie Thunderbirds,erie-thun,true
Eruption,eru2,true
Escadrille
Esperanza
Esquires
Etobicoke Cadet Lancers
Etobicoke Crusaders
Etobicoke Knights
Etoiles
Everett Statesmen
Ex.: LaSalle Co. Crusaders
Excalibur
Excelsior,exc-wht,true
Executives
Explorers
Express
Expression
Expressions
Eye Openers
FAMQ Class B
Fairfield Colonnades
Fairlawn Cadets
Fairlawn Police Cadets
Fairmont Raiders
Fajardo
Falcon Cadets
Falcon Ridgemen
Falcons
Fantasia
Fantasia III
Farmingdale Vanguards
Feux Follets
Feux-Follets
Fever
Fire-ettes
Firebirds
Firefighters
Firemen
Firettes
First Baptist
First Baptist Cadets
First Defenders
Fitchburg Kingsmen
Flames
Flamingo Lancers
Flamingos
Flanders Squadron
Fletcher Raiders
Flint Guardsmen
Flint Royalaires
Florida Guardsmen
Florida Vanguard
Florida Wave
Floridians
Flye Duthmen
Flying Dutchman
Flying Dutchmen
Flying Dutchmen-IL
Flying Dutchmen-NY
Fort Edward Vagabonds
Forte
Fox Valley Raiders
Free Delivery Sound
Free Sound of Long Island
Freelancers
Freestatesmen
Frontier
Frontier Cadets
Frontiersmen
Ft. Edward Vagabonds
Fulton Gauchos
Fusion,fus,true
Fusion Core,fus,true
Fusion Corps,fus,true
Futuristes
G Force
Gabrielettes
Garden Statesmen
Gardener Guards
Gardners Guards
Garfield Cadets,cad,true,Cadets
Gatesmen
Gateway City
Gauchos
Gems
Gen Butler Vagabonds
Gendarmes
General Butler Vagabonds
General Putnam's Men
Generations
Genesee Quest
Geneseo Knights
Genesis
Geneva Appleknockers
Georgian Lancers
Gita Surosowan Banten,gsb,true
Gladiateurs
Glassman,gme,true,Glassmen
Glory Cadets
Gold',gld,true,Gold
Golden Buccaneers
Golden Charms
Golden Crusaders
Golden Eagles
Golden Empire
Golden Garrison
Golden Grenadiers
Golden Guardsmen
Golden Knights
Golden Knights-KY
Golden Lancers
Golden Lancers-ON
Golden Lions
Golden Lions-ONT
Golden Monarchs
Golden Rays
Golden Rays-Juniors
Golden Skyliners
Golden Statesmen
Govenaires,gov,true
Granite Chips
Granite State Garrison
Graniteers
Graniteers-NH
Grantham
Grantham Boys
Greece Cadets
Green Hornets
Greenwood
Greenwood Lake
Grenadier Cadets
Grenadieres
Grenadiers
Grenadiers of Broome County
Grenadiers-NY
Grey Ghosts
Grey Knight Crusaders
Grey Knight Lancers
Grey Knights
Guardians
Guardsmen
Guardsmen (ONT)
Guardsmen Cadets
Guardsmen Statesmen
Guardsmen-IL
Guardsmen-MA
Guardsmen-MI
Guardsmen-WA
Guelph Optimists
Guelph Royalaires
Gulf Coast Sound
Gypsy Brass
H.Y.P.E.
HYPE
Hackensack Doremus
Haddon Heights Vagabonds
Hamburg Buccaneers
Hamburg Kingsmen
Hamilton Knights
Hamilton Viscounts
Hamms Indians
Hanover Girls
Hanover HS Girls
Hanover Lancers
Harrison Woodsiders
Hawks
Hawthorn Caballeros,haw,true
Hawthorne Caballeros,haw,true
Hazelton Highlanders
Heartliner
Heat Wave
Heightsmen
Hershey Choclatiers
Hershey Chocolatiers
High Country Brass
Highland Regiment,dca-logo,true
Highlanders
Highlanders-CT
Hilltopers
Hilltoppers
Hirondelles
Holbrook Skylarks
Hollywood Knights
Holy Child
Holy Family Defenders
Holy Name Cadets
Holy Rosary Caballeros
Horizon
Horizons
Hornets
Hotshots
Hudson CYO
Hudson Valley
Hurricanes
Hyliters
I.C. Queensmen
I.C.. Queensmen
IC Comets
IC Queensmen
IC Reveries
IC Rockets
IC Rockettes
Illiana Lancers
Illusion
Illuzion
Ilyade
Images
Impact
Impact de Dolbeau
Imperial Cadets
Imperial Dragons
Imperial Guard
Imperial Guard-NJ
Imperial Guardsmen
Imperial Guardsmen (NJ)
Imperial Guardsmen-NJ
Imperial Guardsmen-NY
Imperial Juniors
Imperial Knights
Imperial Regiment
Imperials
Imperials of Pembroke
Imperials of Saint Patrick
Imperials of Saint Patrick's
Imperials of St. Patrick's
Imperials-IL
Incognito,incog,true
Incorruptibles
Indians
Insolite
Interstate Ambassadors
Interstatesmen
Iowa Royals
Iron Brigade
Iron Cross
Ironbound
Irondequoit Crusaders
Irondequoit Statesmen
Islanders
J's
Jackson Raiders
Japanese Boy Scouts
Jay Jay's
Jay-Jay's
Jeanettes
Jersey Brass
Jersey Cyclones
Jersey Surf
Jester
Joanettes
Joaquin Caballeros
Job's Daughters
Joey's
Joeys
Johnsonburg Diplomats
Johnsonburg Patriots
Johnstown Patriots
Joliet Kingsmen
Joliet Kinsmen
Jouvencelles
Jubal,jubal,true
Junior Brigadiers
Junior Musketeers
J’s
K of C Comets
Karwartha Kavaliers
Kascadeurs
Katahdin Rangers
Kawartha Kavaliers
Kearny Pioneers
Kempenfelt Barrie
Kenosha Kingsmen
Kentucky Buccaneers
Kewanee Black Knights
Kewanee Knights
Kewaunee Knights
Keystone Regiment
Keystoners
Keystones
Kidsgrove Scouts,kid,true
Kiltie Kadets
Kilties,kilt,true
Kilties Kadets
King's Regiment
King's Royal Lancers
Kings Lancers
Kings Regiment
Kingsmen
Kingsmen Cadets
Kingsmen-MA
Kingston Grenadiers
Kingston Indians
Kingston Regiment
Kinsmen
Kinsmen Krescendos
Kips Bay
Kips Bay Crusaders
Kips Bay Knight Club
Kips Bay Knights Club
Kips Bay Night Club
Kitchner Flying Dutchmen
Kittery Point Mariners
Kiwanis Kavaliers
Klondike
Klondike Boys
Knickerbockers
Knight Command
Knight Raiders
Knight Storm
Knights
Knights Storm
Knights of Cathay
Knights of Huntington
Knights of Noble Callahan
Krescendos
L 'Odyssee
L 'Odyssey
L'Impact
L'Impact de Dolbeau
L'Insolite
L'Odysee
L'Odyssey
L'layde
L'lyade
LA Chinese
LC Crusaders
LI Kingsmen
La Constellation
La Garde Imperiale
La Renaissance
LaClique Alouette
LaFlamme Brigade
LaSalle Cadets
LaSalle Co Crusaders
LaSalle County Crusaders
LaSalle Crusaders
Lake Erie Regiment
Lakeland Brass
Lakers
Lakes Reionaires
Lakeshoremen
Lakeview Shoreliners
Lakewood Ambassadors
Lamp Royal Brigade
Lamplighters
Lampliters
Lancers
Lancers-DC
Lancers-MD
Latin Knights
Lawmen
Le Clique Alouette
Le Sabers
Le Sabres
Leamington Townsmen
Leathernecks
Legend of Texas
Legends
Legion Vanguard
Legion of Brass
Legionaires
Legionettes
Legionnaires
Lehigh Valley Knights
Leicester Girls
Leicester's
Leicesters
Les Adventuriers
Les Adventuries
Les Allouettes
Les Ambassadeurs
Les Ambassadors
Les Ambassadrices
Les Aristocrates
Les Aventuriers
Les Aventuries
Les Boucliers
Les Cadets St. Paul
Les Cadets de la Montagne
Les Cascadeurs
Les Cavalieres
Les Cavaliers
Les Cavaliers de Drummond.
Les Chaelaines
Les Chapdelaines
Les Chatelaines
Les Chevaliers
Les Chrystalines
Les Colibris
Les Commandos
Les Compagnones
Les Compagnons
Les Companions
Les Conpagons
Les Conquistadors
Les Coues
Les Crescendos
Les Decibel's
Les Decibels
Les Diplomates
Les Diplomats
Les Dynamiques
Les Eclairs
Les Eclipses
Les Ecuyers
Les Empereurs
Les Etoiles
Les Feux Follets
Les Grenadiers
Les Imperatrices
Les Krescendos
Les Laurentiennes
Les Majorettes
Les Majorettes de Ste-Therese
Les Mariners
Les Marquises D'Auteuil
Les Matadors
Les Melogammes
Les Melomanes
Les Messageres
Les Metropolitains
Les Metropolitains Sr.
Les Metropolitans
Les Mousquetaires
Les Mélomanes
Les Olympians
Les Perc-Clairs
Les Pers-Clairs
Les Preludes
Les Rancheros
Les Renaissance
Les Royalistes
Les Royalists
Les Rythmiques
Les Senateurs
"Les Senateurs--AL, QUE"
Les Senateurs--QUE
Les Senateurs-QUE
Les Senoritas
Les Sentinelles
Les Sonner
Les Sonnor
Les Sonnors
Les Souveraines
Les Sphinx de Sainte Therese
Les Sénateurs
Les Troubadores
Les Troubadours
Les Troubadours Sr.
Les Troubadours-Senior
Les Vicomtes
Les Vics
Les Voltigeurs
Les Éclipses
Les Étoiles
Liberators
Lima Blue Devils
Lima Lancers
Limited Edition
Lincolnmen
Lindenaires
Lindenaires-NJ
Lindennaires
Lionettes
Lions Of London
Lions of London
Lithuanian War Vets
Lithuanians
Little Devils
Little Falls
Little Falls Cadets
Lockport Blazers
London Imperials
London Midlanders
Lone Star
Long Island Blue Jays
Long Island Bluejays
Long Island Grenadiers
Long Island Kingsmen
Long Island Sound
Los Amigos
Los Angeles Chinese
Los Angels Chinese
Los Charros
Louisiana Stardusters
Louisiana Stars
Lowell Rangers
Loyalaires
Lt. Norman Princemen
Lucas Rhythm Nation
Luckie Ladies
Lynn Continentals
Lynwood Diplomats
M.P. Knights
MH Marauders
MP Royalaires
Madison Junior Scouts
Magic
Magic of Orlando,orl,true
Magnificent Yankees
Magnolia Lancers
Mainers
Mainliners
Majestic
Majestic Knights
Majestics
Majorettes Fleur de Lys
Malden Ambassadors
Malden Cavaliers
Manchester Black Knights
Manchester Muchachos
Mandarins
Manhattanaires
Manhattanaires-Senior
Manville
Manville Crusaders
Maple City Cadets
Maraduers
Marauders
Marauders (MI)
Marauders-MI
Marauders-QUE
Marauders-WA
Maraudeurs
Marching 100
Marching Ambassadors
Marching Angels
Marching Angels (CAN)
Marching Diplomats
Marching Saints
Mariners
Mariniers
Marion Cadets
Marion Cadets Jets
Marion Glory Cadets
Marionettes
Mark Twain Cadets
Mark Twain Pilots
Marksmen
Marquette Crusaders
Marquis
Marquises
Masquerade
Matadors
Matthias Cadets
Maumee Demons
Maumee Suns
Mavericks
Maximum
Maximum Inc.
Mayflower
Meadowlarks
Meadville Thunderbirds
Media Fawns
Medlodiers
Mello Dear Cadets
Mello Dears
Mello-Dears
Melodears
Melogammes
Melomanes
Melrose Cardinals
Memorial Lancers
Memphis Blues,memb,true
Memphis Sound
Men of Brass
Men of Ohio
Metal Orbits
Miami Lancers
Miami Valley Lancers
Miami Vanguard
Michigan Marauders
Midlanders
Midshipmen
Midshipmen (MI)
Midwest Express
Mighty Liberators
Milford Shoreliners
Milford Spartans
Militaires
Militaires-Starlights
Militiamen
Milwaukee Rebels
Minisink Warriors
Minnesota Brass,mbi,true
Minutemen
Miraculous Medal Orbits
Mirage
Mirage Sr
Mirage-Senior
Missilemen
Misslemen
Mohawk Troubadours
Mon Valley Express
Monarchs
Montana Wranglers
Monterey Park Girls
Montrose Ascots
Morrianian Lancers
Morrisanian Lancers
Morton Grove Imperials
Mountain Magic
Mounties
Mousquetaires
Moussaillons
Muchachos
Multi-Vision
Multi-Visions
Murraymen
Music City
Music City Legend
Musketeers
Mystic Knights
Mystic Nights
Mystikal
Mélomanes
Métropolitains
NY Knickerbockers
Nee Hi's
Nee-Hi's
Neptune Shoreliners
New American Woodmen
New Britain Grenadiers
New Day
New Horizon
New Image
New London Surfers
New York Defenders
New York Lancers
New York Skyliners,nys,true,Skyliners
New York Vanguards
New York Volunteers
Niagara Frontiersmen
Niagara Regionnaires
Nickel City Sound
Niesei Ambassadors
Night Storm
Nighthawks
Nightstorm
Nisei
Nisei Ambassadors
Nite Express
Norman Prince
North Force
North Park Imperials
North Shore
North Star
North Star-MA
North Star-ONT
Northern Aurora
Northern Dream
Northern Dreams
Northern Lights,nl-dbc,true
Northern Lites
Northernaires
Northmen
Northmen (WI)
Northmen-IL
Northmen-NY
Northmen-ONT
Northmen-WI
Northshore
Northstar-Royalaires
Northstars
Northwest Venture
Northwind
Northwind Rebels
Norwood Debonaires
Norwood Park Imperials
Norwood Princesses
Notables
Noteables
Notre Dame
ODCA Division II
OLC Ramblers
OLMM Orbits
OLPH Bridgemen
OLPH Ridgemen
OYB Lampliters
Oakland Crusaders
Oakland Rangers
Oakridge Rangers
Oasis
Oceanside Legionnaires
Offensive Lions
Ogden
Ohio Brass Factory
Olympians
Olympiens
Ontario Ambassadors
Ontario Golden Lions
Ontario Princemen
Opti Cadets
Opti-Knights
Optimist Cadets
Optimist Knights
Optimist Lancers
Optimists
Orbiteers
Orlando Falcons
Osage Precisionnaires
Osage Prescionnaires
Oshawa Rebels
Oshkosh Marauders
Oshkosh Warriors
Oswego Knights
Ottawa Crusaders
Ottawa Imperials
Our Lady of Blue Angels
Our Lady of Mercy All-Girl
Out of the Blue
Oxford Explorers
PA Ambassadors
PAL Cadets
PAL Windjammers
PAL/Windjammers
PAV Rangers
PC Ambassadors
PY Corps
Pacers
Pacific Blue
Pacific Crest
Pacificaires
Page Park Cadets
Pages
Paramont
Paramount
Pardee Pacers
Patiotes
Patria
Patriot Praise
Patriotes
Patriots
Patriots (NJ)
Patriots-IL
Patriots-NY
Patriots-PA
Patriots-WI
Patriots-WY
Patrolettes
Patron Cadets
Peabody Cavaliers
Peabody Musketeers
Peanuts
Pembroke Imperials
Pembroke Indians
Pendleton Rangers
Pennsauken Vagabonds
Pennsylvanians
Perc Clairs
Perc-Clairs
Percussion naut Patriots
Percussion-naut Patriots
Percussion-naut Pats
Pers Clairs
Pers-Clairs
Phantom Regiment
Phantom Legion
Phantom Reg. Cadets
Phantom Regiment Cadets
Phaze/Spirit
Philadelphia PAL
Phoenix
Phoenix Cadets
Phoenix Kidets
Phoenix Regiment
Phoenix-MA
Phoenix-NJ
Phoenix-ONT
Phoenix-Ontario
Picadors
Picadors-Toreadors
Pierce Rivermen
Pine Tree Warriors
Pinetree Warriors
Pioneer II
Pioneer Scouts
Pioneers
Pionniers
Pittsfield Cavaliers
Pittsfield Imperials
Pittsfield Monarchs
Pittsfield Skyhawks
Plainsmen
Platinum
Pointers
Police Cadets
Polish Falcon
Polish Falcon Cadets
Pom Poms
Port Clinton
Portland Hawks
Poughkeepsie Pacers
Poughkeepsie Vagabonds
Praesidium
Prairie Fire
Prasaedium
Precious Blood Cardinals
Precious Blood Cadets
Precisionaires
Precisionnaires
Preludes
Presidents
Presidium
Pride of Bristol
Pride of Cincinnati
Pride of Soka
Pride of the Lions
Prince Hall Lancers
Princemen
Princemen (CAN)
Princemen (ONT)
Princesses
Princesses de Valleyfield
Purple Lancers
Quad City Knights
Quasar
Quebec Alliance
Queen City Cadets
Queensmen
Quest
Quest Explorers
Quest-NY
Quiet Storm
Québécois
RC Cadets
RC Guardsmen
Racine Explorer Scouts,rac,true,Racine Scouts
Racine Explorers,rac,true,Racine Scouts
Racine Junior Scouts
Racine Scouts,rac,true
Raiders
Railmen
Railmen Senior
Rained Out--Seeded into Finals
Raley's Raiders
Ranchéros
Randolph Lancers
Rangers
Rapid City Express
Reading Buccaneers,rea-buc,true,Buccaneers
Rebel Devils
Rebels
Red and White Aires
Redcoat Grenadiers
Regal Crownsmen
Regal Valiants
Regiment Militaire
Regimental Cadets
Regimentals
Reiley Raiders
Reilly Raider Musketeers
Reilly Raiders
Releve Musicale
Releve de Fleurimont
Relève Offensive
Relève de Fleurimont
Renaissance
Renaissance (QC)
Renaissance Senior
Renassiance
Renegades
Renegades-VT
Reservoir Rangers
Revelliers
Reverie Juniors
Reveries
Reveries/Blue Angels
Revolution
Rhode Island Picadors
Richmond Hawks
Ridge Raiders
Ridgemen
Ridley Park Rangers
Riptides
Rising Sun
River City Railmen
River City Regiment
River City Rhythm
Rivermen
Riversiders
Rochester Crusader Minicorps
Rochester Crusaders
Rochester Phoenix
Rock Springs Police Cadets
Rockets
Rockettes
Rocky Mountain Magic
Rocky Mountain Rangers
Roehthel's Executives
Roethals Executives
Rogues Hollow Regiment,rhr,true
Roley's Raiders
Rose City
Rose City Guardsmen
Rouges Hollow Regiment,rhr,true,Rogues Hollow Regiment
Rough Riders
Roughriders
Royal Airs
Royal Blues
Royal Brigade
Royal Cadets
Royal Chevaliers
Royal Coachman
Royal Coachmen
Royal Coachmen (NY)
Royal Columbians
Royal Crusaders
Royal Dragons
Royal Grenadiers
Royal Guard
Royal Guardsmen
Royal Highlanders
Royal Hylanders
Royal Knights
Royal Lancer-MI
Royal Lancers
Royal Lancers (MI)
Royal Lancers-FL
Royal Lancers-MI
Royal Marquis
Royal Mounties
Royal Sabers
Royal Squires
Royal. Highlanders
Royalaires
Royalaires (CA)
Royalaires Mounties
Royalaires-CA
Royalairs
Royaleer Mounties
Royaleers
Royaleers Mounties
Royales
Royalistes
Royalists
Royals
Royleer Mounties
SB Medieval Barons
SGG Crusaders
SGI Fuji
ST Grenadiers
STAR
Saber's Edge
Sabers
Sabre Cadets
Sabres Edge
Sacred Heart
Sacred Heart Crusaders
Sacred Heart Sabres
Sacred Hearts Crusaders
Saginaires
Saginaires-MI
Sahler Sedan Cadets
Saint Francis Sancians
Saint Agnes
Saint Alexis Vikings
Saint Andrew's
Saint Andrew's Bridgemen
Saint Andrews
Saint Ann
Saint Anthony
Saint Brendan's
Saint Brendan's Cadets
Saint Brendans
Saint Catherine's Buccaneers
Saint Croix Rivermen
Saint Francis Sancians
Saint George Olympians
Saint Gregory
Saint Ignatius
Saint Ignatius-NY
Saint James Saints
Saint Joe's of Batavia
Saint John's
Saint John's Crusaders
Saint John's Girls
Saint Joseph
Saint Joseph Islanders
Saint Joseph Patron Cadets
Saint Joseph of Batavia
Saint Joseph's Cadets
Saint Joseph's Ironbound
Saint Joseph's Patron Cadets
Saint Joseph's of Batavia
Saint Julie Transit
Saint Kevin's Gems
Saint Louis Lancers
Saint Louis Royalaires
Saint Lucy Cadets
Saint Lucy's Cadets
Saint Lucy's Lancers
Saint Mary
Saint Mary's
Saint Mary's Cadets
Saint Mary's Cardinals
Saint Mary's Crusaders
Saint Mary's Lancers
Saint Mathias Cadets
Saint Matthias Cadets
Saint Matthias Preps
Saint Patrick's Cadets
Saint Paul
Saint Paul Lancers
Saint Paul Saints
Saint Paul Scouts
Saint Peter's Royalaires
Saint Rita's Brassmen
Saint Rocco's
Saint Rocco's Cadets
Saint Rose
Saint Rose of Lima
Saints
Saints-NY
San Diego Alliance
San Jose Raiders
Sancians
Santa Ana Squires
Saphirs Étoilés de Guigue
Satellites
Saxon Knights
Scarborough Cardinals
Scarborough Firefighters
Scarborough Kinsmen
Scarborough Princemen
Scarlet Cadets
Scarlet Knights
Scarlet Knights-IL
Scarlet Lancers
Scarlett Knights
Scenic City
Scorpions
Scout House
Sea Horse Lancers
Seattle Imperials
Seattle Shamrocks
Seattle Thunderbirds
Selden Cadets
Seldon Cadets
Senateurs
Senateurs de Joliette
Senateurs-Anc. Lorette
Senateurs-Joliette
Senateurs/Olympians
Senators
Seneca Chiefs
Seneca Optimists
Seneca Princemen
Seneca Princement
Sentinelles
Sentinelles de Varenne
Sentinels
Sepectacle City Mariners
Sertomanaires
Seymour Vanguard
Seymour Vanguards
Shadettes
Shadow,shd,true
Shamrocks
Sharpsburg Cadets
Sharpshooters
Shenandoah Sound
Shoemakers
Shoreliner Cadets
Shoreliners
Shoreliners-Junior
Shoreliners-WI
Shoremen
Shortsville Shamrocks
Shutting Stars
Silhouettes
Silver Bullets
Silver Falcons
Silver Knights
Silver Lancers
Silver Sabers
Silver Sabres
Silver Spectrum
Simplex Ridgemen
Simplex Minutemen
Sir Thomas More
Sir Thomas More Cadets
Siundowners
Skeeters
Skokie Imperials
Skokie Vanguard
Sky Ryders
Skyhawks
Skylarks
Skyliners,nys,true
Sly Ryders
Smithtown Freelancers
SoCal Dream
Socialites
Sonner
Sonnor
Sonoma LaSabers
Sound of Long Island
Soundations
Sounds of Central NY
Soundwave
Southern Illusion
Southern Knights,dca-logo,true
Southern Rebels
Southern Tier Grenadiers
Southern Tier Vagabonds
Southernaires
Southwind
Souveraines
Spacetown Cadets
Sparkles
Spartan Cadets
Spartans
Spartans-IL
Spartans-NH
Spartans-OR
Spartans-WA
Spectacle City Mariners
Spectra
Spectra-Heightsmen
Spectrum
Speigleaires
Spiegalaires
Spirit
Spirit Of Newark
Spirit of '76
Spirit of Georgia,soa,true,Spirit of Atlanta
Spirit of New Jersey
Spirit of Newark
Spirit of Saint Louis
Spokane Thunder,spo-thun,true
Springfield Ambassadors
Springfield Targets
Squires
Squires of Watkins Glen
St Rita's Brassmen
St. Agnes
St. Anthony
St. Claire Shores Vanguard
St. Francis Sancians
St. Francis Xavier Sancians
St. Ignatius
St. John's
St. John's Girls
St. Joseph
St. Joseph's of Batavia
St. Lucy's Cadets
St. Matthias Cadets
St. Patrick's Imperials
St. Paul Scouts
St. Rita's Brassmen
Star of Indiana,ind,true
Stardusters
Starlighters
Starlights
Starlights-MD
Starrisers
Stateliners
Staten Island Holy Child
Staten Island Lawmen
Staten Island Thunderbirds
Statesmen
Steel City Ambassadors
Stentor de Fleurimont
Stentors
Stentors de Fleurimont
Stockton Commodores
Stockton Police
Stormy Knights
Stragnas
Stratford Vagabonds
Suburban Cadets
Suburban Kidettes
Suburban Knights
Suburbanettes
Sudbury Imperial Knights
Sun Devils
Sun Risers
Suncoast Sound
Sundowners
Sundowners-NJ
Sunrisers,sun,true
Sunset Regiment
Sunsetters
Surfers
Sword Excalibur
Syracuse Brigadiers
Syracuse Brigadiers Alumni
Syracuse Marauders
Sénateurs
Sénateurs Dynamiques
Sénateurs de Joliette
T-bird Cadets
T.R. Finettes
Taipei Yuehfu
Tampa Bay Thunder
Target II
Targets
Targets II
Tarheel Sound
Tarheel Sun
Tarheel Suns
Teal Sound
Telestars
Texas Crusaders
The Company,com,true
The Corps
The Joey's
The Thing
Third Generation
Thomas More Cadets
Thuderstreaks
Thunder,spo-thun,true,Spokane Thunder
Thunderbirds
Thunderbolts
Thunderstreaks
Titans
Titans (WA)
Toledo Demons
Toppers
Toreadors
Toronto Optimists
Toros
Torrington Vagabonds
Townsmen
Townsmen (ONT)
Transit
Tri Town Cadets
Tri-City Columbians
Tri-Town Cadets
Tri-Vel Raiders
Trinity
Trinity Cadets
Trooper Cadets
Troopers
Troubadors
Troubadours
Troy Defenders
Troy Muchachos
Troy Vanguards
Trumball Cadets
Trumbull Cadets
Twilight Optimist
Twilight Optimists
Twin Town
Tyrone Guard
Tyrone Guards
United Regiment
Unknown
Utica Yankees
V.A. Cavaliers
VIP's
VK Squires
Vacationland Sweethearts
Vagabonds
Vagabonds-NJ
Vagabonds-NY
Valiant Knights
Valiants
Valley Aires
Valley Airs
Valley City-ND
Valley Fever
Valley Grenadiers
Valley Pioneers
Valley-Airs
Valleyaires
Valliant Knights
Vanguard
Vanguard (NY)
Vanguard B
Vanguard Cadets
Vanguard Rockets
Vanguard-FL
Vanguards
Vanguards All-Girl
Vaqueros
Vaqueros/Firemen
Vasella Musketeers
Velvet Knights
Ventures
Verdean Vets
Vern Acklin Cavaliers
Verona Cavaliers
Verona Eagles
Vessel
Victorians
Vigilantes
Vigilanties
Vikings
Virginia Lancers
Viscounts
Vision Elite
Voltigeurs
Voltiguers
Volunteers
Voyagers
Voyageurs
WK Continentals
Wabash Crusaders
Wanderers
War Vets
Warrior Cadets
Warriors
Warriors Junior
Watchmen,wat,true
Watertown Cadets
Watkins Glen Squires
Wausau Story
Wayne Monarchs
West Allis Wrangers
West Allis Wranglers
West Bed Patriots
West Bend Patriots
West Coast Cadets
West Coast Express
West Coast Sound
Westcoast Sound
Westmoreland Esquires
Westshoremen
Westshoremen Cadets
Whalers
White Americanos
White Beret
White Eagles
White Knights
White Roses
White Sabers,wht-sab,true
White Tornadoes
White Tornados
William G. Lucas
Williams G. Lucas
Wilmington Cards
Wilmington Crusaders
Wilson Patriots
Wind Gap Blue Eagles
Windjammers
Windsor Guardsmen-ONT
Windsor Regiment
Winfield Scott Rebels
Woodsiders
Wranglers
Wynn Center Toppers
Yamato
Yankee Rebels
Yankee Cadets
Yankee Marauders
Yankee Peddlers
Yardville Cadets
Yellow Jackets
Yokahama Inspires
Yokahama Scouts,yok,true
York Heart Crusaders
York Lions
York White Roses
York/Oak Crusaders
Young Admirals
Young Americans
Zephyrs,zep,true
Zephyrus,zeu-white,true
Éclipses
Éclipses (Longueuil)
Éclipses (Verdun)
Éperviers
Étoiles
Étoiles (Dorion)
Étoiles (Granby)
Étoiles (Rimouski)
Étoiles d'Or
Étoiles d’Or
High School Affiliated to BIT,dci-international,true
Beijing 57 High School,dci-international,true
Calgary Stetson Showband,dci-international,true
Calgary Round-Up Band,dci-international,true